"","clusters","attrition_yes"
"1",1,0.1416015625
"2",2,0.133105802047782
"3",3,0.34640522875817
