"","model","winnow","trials","Accuracy","Kappa","AccuracySD","KappaSD"
"1","tree","FALSE",1,0.785016660496113,0.1705270892576,0.0569124226990975,0.166544443208114
"2","tree","FALSE",5,0.828446501295816,0.239821892318657,0.0317412526492606,0.11720481445904
"3","tree","FALSE",10,0.844793286437122,0.253522090680395,0.0192905888816027,0.103603783982979
"4","tree","FALSE",15,0.851697149203999,0.295185828338535,0.0163104972145882,0.0968284378965785
"5","tree","FALSE",20,0.858435887942737,0.310563125710886,0.0237719500894544,0.146520823235241
